GUID,name,create_date,modif_date,is_folder,parent_id
4484447aa10e4635811271d26683d0e6,���������3,2019-04-07 00:18:11.370222,2019-04-10 20:05:00.253997,False,
7050e15830e34ab8874e263154473bf4,������ 1,2019-04-10 20:56:34.062167,2019-04-10 20:57:09.392430,False,
128cab4d5df9412abc4d987bf0823707,������ 2,2019-04-10 20:57:10.869882,2019-04-10 20:57:32.223822,False,
b931f12c67ca4814a370ff4f058bce6f,������ 4,2019-04-10 20:57:57.573721,2019-04-10 20:58:46.828179,False,
9758db27c3a54fd2996cfcf063d692ce,������ 3,2019-04-10 20:58:49.308112,2019-04-10 20:59:12.960088,False,
5e6a19ca13c44495818f8c683816aece,new_fodler,2019-04-12 23:55:07.120977,2019-04-12 23:55:07.120977,True,
ee9c3f16d62c4aee9d72b26923f7d894,new_note,2019-04-12 23:55:25.007335,2019-05-18 12:31:41.037312,False,
3a7783aa6e8f44cda2067b8d2265e447,new_fodler,2019-05-18 12:30:57.274630,2019-05-18 12:30:57.274630,True,
659df405f38f430b9cac3edd3b8e3ac0,new_note,2019-05-18 12:33:37.043191,2019-05-18 12:33:37.057190,False,
c76c09ac86d449979e1ce8c8536b115b,new_note,2019-05-18 12:33:53.685768,2019-05-18 12:33:53.702707,False,
8884c01ac8804dc9aa4797fb9a9dc30f,new_fodler,2019-05-18 12:35:45.254960,2019-05-18 12:35:45.254960,True,
9eb21a600e7d44fcb9851742f29dd446,new_fodler,2019-05-18 12:39:12.588179,2019-05-18 12:39:12.588179,True,
26845d3f0dda475387007fd74141e9e6,new_note,2019-05-18 12:40:18.958540,2019-05-18 12:40:18.973503,False,
0c7228e94c5e4a2eac7f4fd5eb2b1cea,new_note,2019-05-18 12:42:05.655038,2019-05-18 12:42:05.678967,False,
8369ef54c1f94722b857663d249e2ec4,new_note_test,2019-05-18 12:42:45.725581,2019-05-18 12:42:45.739553,False,3a7783aa6e8f44cda2067b8d2265e447
ba0107686c0a432fabdeb11ec5d67e08,new_note,2019-05-18 21:34:01.313338,2019-05-18 21:34:01.321373,False,3a7783aa6e8f44cda2067b8d2265e447
